,index,mileage,model,phone:,price,ref_link,seller,year,argus
0,0,35579.0,ZEN CHARGE RAPIDE,0164581233,8120.0,https://www.lacentrale.fr/auto-occasion-annonce-69103378134.html,Professionnel,2015.0,11074
1,2,53701.0,Q90 INTENS CHARGE RAPIDE,0176371173,11250.0,https://www.lacentrale.fr/auto-occasion-annonce-69102873096.html,Professionnel,2015.0,11074
2,3,23694.0,Q90 LIFE CHARGE RAPIDE,0184158686,9870.0,https://www.lacentrale.fr/auto-occasion-annonce-69102771504.html,Professionnel,2015.0,11074
3,3,44301.0,ZEN CHARGE RAPIDE,0164577286,7830.0,https://www.lacentrale.fr/auto-occasion-annonce-69103369310.html,Professionnel,2015.0,11074
4,4,48694.0,ZEN CHARGE RAPIDE,0164580658,7610.0,https://www.lacentrale.fr/auto-occasion-annonce-69103378130.html,Professionnel,2015.0,11074
5,11,43455.0,LIFE CHARGE RAPIDE,0164580901,8980.0,https://www.lacentrale.fr/auto-occasion-annonce-69103381590.html,Professionnel,2015.0,11074
6,5,37718.0,Q90 LIFE CHARGE RAPIDE,0176384772,10480.0,https://www.lacentrale.fr/auto-occasion-annonce-69103360348.html,Professionnel,2015.0,11074
7,11,47988.0,ZEN CHARGE RAPIDE,0164575659,8620.0,https://www.lacentrale.fr/auto-occasion-annonce-69103377196.html,Professionnel,2015.0,11074
8,3,38976.0,Q90 INTENS CHARGE RAPIDE,0182887802,11000.0,https://www.lacentrale.fr/auto-occasion-annonce-69103153342.html,Professionnel,2015.0,11074
9,9,51250.0,Q90 LIFE CHARGE RAPIDE,0176433180,10600.0,https://www.lacentrale.fr/auto-occasion-annonce-69102895482.html,Professionnel,2015.0,11074
10,2,72293.0,Q90 INTENS CHARGE RAPIDE,0184312833,11560.0,https://www.lacentrale.fr/auto-occasion-annonce-69102929562.html,Professionnel,2015.0,11074
11,4,7194.0,ZEN,0184364153,12440.0,https://www.lacentrale.fr/auto-occasion-annonce-69103266701.html,Professionnel,2015.0,11074
12,0,18582.0,INTENS CHARGE RAPIDE,0184362503,9780.0,https://www.lacentrale.fr/auto-occasion-annonce-69103301144.html,Professionnel,2015.0,11074
13,2,32004.0,(2) Q90 LIFE CHARGE RAPIDE GAMME 2017,0490142376,10960.0,https://www.lacentrale.fr/auto-occasion-annonce-69103371255.html,Professionnel,2015.0,11074
14,4,30100.0,Q90 LIFE CHARGE RAPIDE,0176382533,8380.0,https://www.lacentrale.fr/auto-occasion-annonce-69103138264.html,Professionnel,2015.0,11074
15,1,46800.0,Q90 LIFE CHARGE RAPIDE,0176284499,9260.0,https://www.lacentrale.fr/auto-occasion-annonce-69102680976.html,Professionnel,2015.0,11074
16,2,7746.0,Q90 INTENS,0176390594,12990.0,https://www.lacentrale.fr/auto-occasion-annonce-69103348295.html,Professionnel,2015.0,11074
17,11,32313.0,LIFE,0176387642,10970.0,https://www.lacentrale.fr/auto-occasion-annonce-69103326809.html,Professionnel,2015.0,11074
18,12,75852.0,Q90 LIFE CHARGE RAPIDE,0176384252,9110.0,https://www.lacentrale.fr/auto-occasion-annonce-69103113272.html,Professionnel,2015.0,11074
19,1,34721.0,Q90 INTENS,0411854455,12390.0,https://www.lacentrale.fr/auto-occasion-annonce-69103297097.html,Professionnel,2015.0,11074
20,6,56914.0,Q90 INTENS CHARGE RAPIDE,0485218558,10980.0,https://www.lacentrale.fr/auto-occasion-annonce-87101153728.html,Professionnel,2015.0,11074
21,7,46460.0,Q90 INTENS CHARGE RAPIDE,0616166707,9760.0,https://www.lacentrale.fr/auto-occasion-annonce-87101226056.html,Professionnel,2015.0,11074
22,8,78705.0,Q90 LIFE CHARGE RAPIDE,0484378920,8520.0,https://www.lacentrale.fr/auto-occasion-annonce-69103137420.html,Professionnel,2015.0,11074
23,10,33369.0,Q90 LIFE CHARGE RAPIDE TYPE 2,0411352408,10610.0,https://www.lacentrale.fr/auto-occasion-annonce-69102725967.html,Professionnel,2015.0,11074
24,13,6847.0,Q90 INTENS,0164244642,12490.0,https://www.lacentrale.fr/auto-occasion-annonce-69103213087.html,Professionnel,2015.0,11074
25,1,55531.0,Q90 LIFE CHARGE RAPIDE,0176285506,8760.0,https://www.lacentrale.fr/auto-occasion-annonce-69102680974.html,Professionnel,2015.0,11074
26,3,6069.0,Q90 LIFE CHARGE RAPIDE GAMME 2017,0164284740,11780.0,https://www.lacentrale.fr/auto-occasion-annonce-69103175553.html,Professionnel,2015.0,11074
27,5,10920.0,LIFE CHARGE RAPIDE,0579989204,12850.0,https://www.lacentrale.fr/auto-occasion-annonce-69103248043.html,Professionnel,2015.0,11074
28,14,34621.0,LIFE,0176383830,11760.0,https://www.lacentrale.fr/auto-occasion-annonce-69103299055.html,Professionnel,2015.0,11074
29,15,30520.0,Q90 LIFE,0411823418,10380.0,https://www.lacentrale.fr/auto-occasion-annonce-69103220879.html,Professionnel,2015.0,11074
30,0,27138.0,Q90 ZEN,0164246609,13620.0,https://www.lacentrale.fr/auto-occasion-annonce-69102785001.html,Professionnel,2015.0,11074
31,10,90134.0,Q90 INTENS,0485219050,8460.0,https://www.lacentrale.fr/auto-occasion-annonce-87101222694.html,Professionnel,2015.0,11074
32,0,47067.0,INTENS CHARGE RAPIDE,0411825410,10920.0,https://www.lacentrale.fr/auto-occasion-annonce-69103300084.html,Professionnel,2015.0,11074
33,5,20776.0,Q90 LIFE CHARGE RAPIDE TYPE 2,0176277069,12460.0,https://www.lacentrale.fr/auto-occasion-annonce-69103286943.html,Professionnel,2015.0,11074
34,7,24466.0,Q90 LIFE CHARGE RAPIDE,0182883830,8620.0,https://www.lacentrale.fr/auto-occasion-annonce-69103063780.html,Professionnel,2015.0,11074
35,8,32227.0,Q90 ZEN CHARGE RAPIDE,0411347793,10350.0,https://www.lacentrale.fr/auto-occasion-annonce-69102725946.html,Professionnel,2015.0,11074
36,10,35355.0,LIFE CHARGE RAPIDE,0411823812,10490.0,https://www.lacentrale.fr/auto-occasion-annonce-69103300086.html,Professionnel,2015.0,11074
37,0,3040.0,Q90 LIFE CHARGE RAPIDE TYPE 2,0176286705,12850.0,https://www.lacentrale.fr/auto-occasion-annonce-69103210747.html,Professionnel,2015.0,11074
38,2,16194.0,Q90 LIFE CHARGE RAPIDE,0176273208,11710.0,https://www.lacentrale.fr/auto-occasion-annonce-69103286940.html,Professionnel,2015.0,11074
39,3,23697.0,Q90 LIFE,0176289674,10240.0,https://www.lacentrale.fr/auto-occasion-annonce-69103182661.html,Professionnel,2015.0,11074
40,6,27792.0,Q90 LIFE CHARGE RAPIDE,0559993526,11800.0,https://www.lacentrale.fr/auto-occasion-annonce-69103165728.html,Professionnel,2015.0,11074
41,10,40532.0,Q90 INTENS CHARGE RAPIDE,0182891214,9500.0,https://www.lacentrale.fr/auto-occasion-annonce-69103063784.html,Professionnel,2015.0,11074
42,2,45544.0,Q90 LIFE CHARGE RAPIDE TYPE 2,0169064411,10380.0,https://www.lacentrale.fr/auto-occasion-annonce-87101187412.html,Professionnel,2015.0,11074
43,3,18348.0,Q90 LIFE CHARGE RAPIDE,0411827981,10590.0,https://www.lacentrale.fr/auto-occasion-annonce-69103342860.html,Professionnel,2015.0,11074
44,6,14045.0,Q90 INTENS CHARGE RAPIDE TYPE 2,0175916493,11740.0,https://www.lacentrale.fr/auto-occasion-annonce-69103372421.html,Professionnel,2015.0,11074
45,3,36448.0,LIFE CHARGE RAPIDE GAMME 2017 5P,0176287559,10380.0,https://www.lacentrale.fr/auto-occasion-annonce-69103143766.html,Professionnel,2015.0,11074
46,12,40903.0,Q90 LIFE CHARGE RAPIDE,0603475146,8860.0,https://www.lacentrale.fr/auto-occasion-annonce-87101053558.html,Professionnel,2015.0,11074
47,5,12540.0,LIFE,0483586323,11950.0,https://www.lacentrale.fr/auto-occasion-annonce-69103299427.html,Professionnel,2015.0,11074
48,10,27877.0,INTENS CHARGE RAPIDE,0519658393,13090.0,https://www.lacentrale.fr/auto-occasion-annonce-69103299323.html,Professionnel,2015.0,11074
49,3,25081.0,LIFE CHARGE RAPIDE 5P,0184160269,10680.0,https://www.lacentrale.fr/auto-occasion-annonce-69103280688.html,Professionnel,2015.0,11074
50,14,11085.0,Q90 LIFE CHARGE RAPIDE TYPE 2,0176433248,10780.0,https://www.lacentrale.fr/auto-occasion-annonce-69102702181.html,Professionnel,2015.0,11074
51,8,34166.0,Q90 INTENS CHARGE RAPIDE,0176433364,9640.0,https://www.lacentrale.fr/auto-occasion-annonce-69103257860.html,Professionnel,2015.0,11074
52,5,43811.0,Q90 INTENS CHARGE RAPIDE,0483587050,9250.0,https://www.lacentrale.fr/auto-occasion-annonce-69102671564.html,Professionnel,2015.0,11074
53,7,45711.0,Q90 LIFE CHARGE RAPIDE,0540022005,10480.0,https://www.lacentrale.fr/auto-occasion-annonce-69103053802.html,Professionnel,2015.0,11074
54,0,11016.0,Q90 LIFE CHARGE RAPIDE,0557256335,10200.0,https://www.lacentrale.fr/auto-occasion-annonce-69103325818.html,Professionnel,2015.0,11074
55,8,16186.0,Q90 LIFE,0182891418,11140.0,https://www.lacentrale.fr/auto-occasion-annonce-69103085678.html,Professionnel,2015.0,11074
56,2,34097.0,Q90 ZEN CHARGE RAPIDE,0483590860,11780.0,https://www.lacentrale.fr/auto-occasion-annonce-69103389458.html,Professionnel,2015.0,11074
57,9,4672.0,Q90 INTENS,0182890595,10810.0,https://www.lacentrale.fr/auto-occasion-annonce-69103085680.html,Professionnel,2015.0,11074
58,11,23779.0,Q90 INTENS CHARGE RAPIDE TYPE 2,0184359606,14010.0,https://www.lacentrale.fr/auto-occasion-annonce-69102703913.html,Professionnel,2015.0,11074
59,15,18075.0,Q90 LIFE,0558359379,11940.0,https://www.lacentrale.fr/auto-occasion-annonce-69102910557.html,Professionnel,2015.0,11074
60,1,12460.0,LIFE,0549376363,13330.0,https://www.lacentrale.fr/auto-occasion-annonce-87100909609.html,Professionnel,2015.0,11074
61,6,25952.0,Q90 INTENS,0411807190,10130.0,https://www.lacentrale.fr/auto-occasion-annonce-69103321850.html,Professionnel,2015.0,11074
62,11,17077.0,LIFE,0545698357,12540.0,https://www.lacentrale.fr/auto-occasion-annonce-69103089877.html,Professionnel,2015.0,11074
63,0,52135.0,Q90 INTENS,0483586229,10420.0,https://www.lacentrale.fr/auto-occasion-annonce-69103389456.html,Professionnel,2015.0,11074
64,10,5700.0,R90 INTENS TYPE 2,0483585328,15270.0,https://www.lacentrale.fr/auto-occasion-annonce-69103258099.html,Professionnel,2015.0,11074
65,12,30962.0,Q90 LIFE CHARGE RAPIDE,0411857913,10610.0,https://www.lacentrale.fr/auto-occasion-annonce-69103297632.html,Professionnel,2015.0,11074
66,3,21341.0,Q90 INTENS,0182887386,12370.0,https://www.lacentrale.fr/auto-occasion-annonce-69103117557.html,Professionnel,2015.0,11074
67,5,26653.0,LIFE CHARGE RAPIDE,0559151300,11320.0,https://www.lacentrale.fr/auto-occasion-annonce-69103395568.html,Professionnel,2015.0,11074
68,14,33651.0,INTENS,0559627428,12750.0,https://www.lacentrale.fr/auto-occasion-annonce-69103343664.html,Professionnel,2015.0,11074
69,0,46500.0,Q90 INTENS CHARGE RAPIDE,0482797712,14860.0,https://www.lacentrale.fr/auto-occasion-annonce-69102433922.html,Professionnel,2015.0,11074
70,1,19.0,Q90 INTENS,0164765421,14860.0,https://www.lacentrale.fr/auto-occasion-annonce-69103297799.html,Professionnel,2015.0,11074
71,9,21144.0,Q90 LIFE,0184156937,11370.0,https://www.lacentrale.fr/auto-occasion-annonce-69103346284.html,Professionnel,2015.0,11074
72,10,114.0,R90 ZEN TYPE 2,0176370381,14700.0,https://www.lacentrale.fr/auto-occasion-annonce-69103246423.html,Professionnel,2015.0,11074
73,13,42310.0,Q90 LIFE,0549916632,11230.0,https://www.lacentrale.fr/auto-occasion-annonce-69103151598.html,Professionnel,2015.0,11074
74,2,34555.0,Q90 INTENS,0428029123,11160.0,https://www.lacentrale.fr/auto-occasion-annonce-69103386016.html,Professionnel,2015.0,11074
75,14,45819.0,ZEN,0428023133,10730.0,https://www.lacentrale.fr/auto-occasion-annonce-69103386018.html,Professionnel,2015.0,11074
76,1,64615.0,LIFE CHARGE RAPIDE,0176387149,9870.0,https://www.lacentrale.fr/auto-occasion-annonce-69103299060.html,Professionnel,2015.0,11074
77,14,47571.0,INTENS,0428023659,10880.0,https://www.lacentrale.fr/auto-occasion-annonce-69103386278.html,Professionnel,2015.0,11074
78,12,61702.0,Q90 LIFE CHARGE RAPIDE,0411854382,8380.0,https://www.lacentrale.fr/auto-occasion-annonce-69103231798.html,Professionnel,2015.0,11074
79,1,15089.0,Q90 LIFE CHARGE RAPIDE,0411822027,11130.0,https://www.lacentrale.fr/auto-occasion-annonce-69103257728.html,Professionnel,2016.0,13153
80,4,15363.0,LIFE CHARGE RAPIDE,0411825008,9750.0,https://www.lacentrale.fr/auto-occasion-annonce-69103307336.html,Professionnel,2016.0,13153
81,5,17306.0,Q90 LIFE CHARGE RAPIDE,0182886885,10590.0,https://www.lacentrale.fr/auto-occasion-annonce-69102674724.html,Professionnel,2016.0,13153
82,6,12418.0,Q90 LIFE,0184161904,10510.0,https://www.lacentrale.fr/auto-occasion-annonce-69102497062.html,Professionnel,2016.0,13153
83,8,78053.0,Q90 INTENS,0184162286,9030.0,https://www.lacentrale.fr/auto-occasion-annonce-69103359230.html,Professionnel,2016.0,13153
84,10,16200.0,Q90 LIFE CHARGE RAPIDE,0411827326,10590.0,https://www.lacentrale.fr/auto-occasion-annonce-69103257726.html,Professionnel,2016.0,13153
85,12,30480.0,Q90 INTENS,0176316917,10580.0,https://www.lacentrale.fr/auto-occasion-annonce-69103394780.html,Professionnel,2016.0,13153
86,0,34629.0,Q90 INTENS CHARGE RAPIDE,0182882980,11420.0,https://www.lacentrale.fr/auto-occasion-annonce-69103113456.html,Professionnel,2016.0,13153
87,5,41626.0,Q90 INTENS CHARGE RAPIDE,0176367424,11250.0,https://www.lacentrale.fr/auto-occasion-annonce-69102626216.html,Professionnel,2016.0,13153
88,7,17284.0,Q90 LIFE,0184161846,9660.0,https://www.lacentrale.fr/auto-occasion-annonce-69103359226.html,Professionnel,2016.0,13153
89,8,30404.0,Q90 LIFE CHARGE RAPIDE,0411828811,10050.0,https://www.lacentrale.fr/auto-occasion-annonce-69103321686.html,Professionnel,2016.0,13153
90,9,21318.0,Q90 LIFE CHARGE RAPIDE,0411829963,10680.0,https://www.lacentrale.fr/auto-occasion-annonce-69103283872.html,Professionnel,2016.0,13153
91,12,12118.0,Q90 LIFE,0184157229,10050.0,https://www.lacentrale.fr/auto-occasion-annonce-69103359228.html,Professionnel,2016.0,13153
92,0,8845.0,R90 INTENS GAMME 2017,0184157234,15800.0,https://www.lacentrale.fr/auto-occasion-annonce-69103394745.html,Professionnel,2016.0,13153
93,6,57490.0,ZEN,0164578561,8910.0,https://www.lacentrale.fr/auto-occasion-annonce-69103369304.html,Professionnel,2016.0,13153
94,12,33534.0,Q90 LIFE,0184161295,9570.0,https://www.lacentrale.fr/auto-occasion-annonce-69103206288.html,Professionnel,2016.0,13153
95,1,14494.0,Q90 LIFE,0182885338,10120.0,https://www.lacentrale.fr/auto-occasion-annonce-69103299612.html,Professionnel,2016.0,13153
96,11,40501.0,Q90 LIFE CHARGE RAPIDE,0176432128,10500.0,https://www.lacentrale.fr/auto-occasion-annonce-69102851164.html,Professionnel,2016.0,13153
97,9,17390.0,Q90 LIFE CHARGE RAPIDE,0519657208,10420.0,https://www.lacentrale.fr/auto-occasion-annonce-69102934890.html,Professionnel,2016.0,13153
98,15,43066.0,Q90 LIFE CHARGE RAPIDE,0184363674,8550.0,https://www.lacentrale.fr/auto-occasion-annonce-69103154906.html,Professionnel,2016.0,13153
99,6,13791.0,Q90 LIFE CHARGE RAPIDE,0533527566,9430.0,https://www.lacentrale.fr/auto-occasion-annonce-69103239652.html,Professionnel,2016.0,13153
100,7,16613.0,Q90 LIFE,0176385768,11540.0,https://www.lacentrale.fr/auto-occasion-annonce-69103379872.html,Professionnel,2016.0,13153
101,10,47767.0,ZEN,0176382765,11010.0,https://www.lacentrale.fr/auto-occasion-annonce-69103299056.html,Professionnel,2016.0,13153
102,12,15866.0,Q90 LIFE,0176389724,10020.0,https://www.lacentrale.fr/auto-occasion-annonce-69103113278.html,Professionnel,2016.0,13153
103,13,11296.0,Q90 LIFE CHARGE RAPIDE,0519657903,11650.0,https://www.lacentrale.fr/auto-occasion-annonce-69103325708.html,Professionnel,2016.0,13153
104,14,4750.0,Q90 LIFE,0176389405,11950.0,https://www.lacentrale.fr/auto-occasion-annonce-69103379858.html,Professionnel,2016.0,13153
105,15,46859.0,Q90 ZEN CHARGE RAPIDE TYPE 2,0169066565,10060.0,https://www.lacentrale.fr/auto-occasion-annonce-87101187322.html,Professionnel,2016.0,13153
106,0,28439.0,Q90 ZEN CHARGE RAPIDE,0176275718,10240.0,https://www.lacentrale.fr/auto-occasion-annonce-69103332706.html,Professionnel,2016.0,13153
107,10,10122.0,Q90 INTENS CHARGE RAPIDE,0182882848,12340.0,https://www.lacentrale.fr/auto-occasion-annonce-69102970532.html,Professionnel,2016.0,13153
108,13,6954.0,Q90 LIFE,0176383552,10710.0,https://www.lacentrale.fr/auto-occasion-annonce-69103138294.html,Professionnel,2016.0,13153
109,0,23173.0,Q90 LIFE CHARGE RAPIDE,0519655240,10480.0,https://www.lacentrale.fr/auto-occasion-annonce-69103235684.html,Professionnel,2016.0,13153
110,3,43210.0,Q90 LIFE CHARGE RAPIDE,0519651783,9740.0,https://www.lacentrale.fr/auto-occasion-annonce-69103297808.html,Professionnel,2016.0,13153
111,9,20951.0,LIFE CHARGE RAPIDE,0411822065,11030.0,https://www.lacentrale.fr/auto-occasion-annonce-69103300088.html,Professionnel,2016.0,13153
112,0,44682.0,Q90 INTENS CHARGE RAPIDE,0411347225,10910.0,https://www.lacentrale.fr/auto-occasion-annonce-69103375070.html,Professionnel,2016.0,13153
113,2,60726.0,Q90 ZEN CHARGE RAPIDE,0483583987,10750.0,https://www.lacentrale.fr/auto-occasion-annonce-69103299606.html,Professionnel,2016.0,13153
114,6,30300.0,Q90 ZEN,0519653672,10240.0,https://www.lacentrale.fr/auto-occasion-annonce-69103339364.html,Professionnel,2016.0,13153
115,7,25065.0,Q90 LIFE CHARGE RAPIDE,0134858696,9280.0,https://www.lacentrale.fr/auto-occasion-annonce-69103250302.html,Professionnel,2016.0,13153
116,8,32938.0,Q90 LIFE CHARGE RAPIDE,0176386501,8980.0,https://www.lacentrale.fr/auto-occasion-annonce-69103138266.html,Professionnel,2016.0,13153
117,9,49053.0,Q90 LIFE CHARGE RAPIDE,0484379539,11240.0,https://www.lacentrale.fr/auto-occasion-annonce-69103325474.html,Professionnel,2016.0,13153
118,12,28521.0,Q90 INTENS,0182887095,10840.0,https://www.lacentrale.fr/auto-occasion-annonce-69102981990.html,Professionnel,2016.0,13153
119,1,16398.0,Q90 LIFE,0519660461,10280.0,https://www.lacentrale.fr/auto-occasion-annonce-69103348080.html,Professionnel,2016.0,13153
120,9,42732.0,Q90 LIFE,0519658847,10420.0,https://www.lacentrale.fr/auto-occasion-annonce-69103277316.html,Professionnel,2016.0,13153
121,11,14713.0,Q90 LIFE CHARGE RAPIDE,0184154442,14140.0,https://www.lacentrale.fr/auto-occasion-annonce-69103287599.html,Professionnel,2016.0,13153
122,12,47124.0,LIFE,0134859288,10440.0,https://www.lacentrale.fr/auto-occasion-annonce-69103315834.html,Professionnel,2016.0,13153
123,14,41776.0,Q90 LIFE,0411806899,9480.0,https://www.lacentrale.fr/auto-occasion-annonce-69102674252.html,Professionnel,2016.0,13153
124,1,25415.0,Q90 LIFE,0519654558,10450.0,https://www.lacentrale.fr/auto-occasion-annonce-69103220466.html,Professionnel,2016.0,13153
125,2,73381.0,Q90 LIFE CHARGE RAPIDE,0176383412,8920.0,https://www.lacentrale.fr/auto-occasion-annonce-69103113282.html,Professionnel,2016.0,13153
126,3,24852.0,Q90 INTENS CHARGE RAPIDE TYPE 2,0411349539,11430.0,https://www.lacentrale.fr/auto-occasion-annonce-87101191190.html,Professionnel,2016.0,13153
127,6,13410.0,Q90 INTENS CHARGE RAPIDE,0148839653,12130.0,https://www.lacentrale.fr/auto-occasion-annonce-69102765276.html,Professionnel,2016.0,13153
128,13,15393.0,Q90 LIFE,0176385119,11040.0,https://www.lacentrale.fr/auto-occasion-annonce-69103113394.html,Professionnel,2016.0,13153
129,1,40348.0,ZEN,0176390796,11190.0,https://www.lacentrale.fr/auto-occasion-annonce-69103299058.html,Professionnel,2016.0,13153
130,5,25659.0,Q90 LIFE CHARGE RAPIDE,0531167753,10810.0,https://www.lacentrale.fr/auto-occasion-annonce-69102619258.html,Professionnel,2016.0,13153
131,12,40297.0,Q90 LIFE,0519660418,10870.0,https://www.lacentrale.fr/auto-occasion-annonce-69103334672.html,Professionnel,2016.0,13153
132,1,25530.0,Q90 INTENS,0422847383,11530.0,https://www.lacentrale.fr/auto-occasion-annonce-69103299236.html,Professionnel,2016.0,13153
133,7,28080.0,ZEN CHARGE RAPIDE TYPE 2,0411342983,10990.0,https://www.lacentrale.fr/auto-occasion-annonce-87100818784.html,Professionnel,2016.0,13153
134,0,44923.0,Q90 LIFE,0411822810,10780.0,https://www.lacentrale.fr/auto-occasion-annonce-69103299416.html,Professionnel,2016.0,13153
135,7,24726.0,INTENS CHARGE RAPIDE,0483583836,12180.0,https://www.lacentrale.fr/auto-occasion-annonce-69103389420.html,Professionnel,2016.0,13153
136,11,41488.0,Q90 LIFE,0176436401,9570.0,https://www.lacentrale.fr/auto-occasion-annonce-69103235646.html,Professionnel,2016.0,13153
137,15,16199.0,Q90 LIFE,0519656864,9750.0,https://www.lacentrale.fr/auto-occasion-annonce-69103379660.html,Professionnel,2016.0,13153
138,4,28598.0,Q90 ZEN CHARGE RAPIDE,0411811020,10150.0,https://www.lacentrale.fr/auto-occasion-annonce-69103052860.html,Professionnel,2016.0,13153
139,8,13231.0,Q90 INTENS CHARGE RAPIDE,0483582063,10580.0,https://www.lacentrale.fr/auto-occasion-annonce-69103130012.html,Professionnel,2016.0,13153
140,9,27196.0,Q90 LIFE,0519660781,10140.0,https://www.lacentrale.fr/auto-occasion-annonce-69102931794.html,Professionnel,2016.0,13153
141,12,32139.0,Q90 LIFE,0483587488,9310.0,https://www.lacentrale.fr/auto-occasion-annonce-69103129970.html,Professionnel,2016.0,13153
142,13,14124.0,INTENS,0483586625,11280.0,https://www.lacentrale.fr/auto-occasion-annonce-69103299426.html,Professionnel,2016.0,13153
143,14,30159.0,INTENS,0559994975,13510.0,https://www.lacentrale.fr/auto-occasion-annonce-69103278542.html,Professionnel,2016.0,13153
144,5,16076.0,Q90 LIFE CHARGE RAPIDE,0411349782,9700.0,https://www.lacentrale.fr/auto-occasion-annonce-69103389532.html,Professionnel,2016.0,13153
145,9,45471.0,Q90 INTENS CHARGE RAPIDE,0176434696,11340.0,https://www.lacentrale.fr/auto-occasion-annonce-69103206342.html,Professionnel,2016.0,13153
146,11,38733.0,Q90 LIFE,0519656772,10870.0,https://www.lacentrale.fr/auto-occasion-annonce-69103379658.html,Professionnel,2016.0,13153
147,13,29134.0,Q90 INTENS CHARGE RAPIDE,0519658617,11980.0,https://www.lacentrale.fr/auto-occasion-annonce-69103020574.html,Professionnel,2016.0,13153
148,0,40796.0,Q90 ZEN,0519660681,11140.0,https://www.lacentrale.fr/auto-occasion-annonce-69102897298.html,Professionnel,2016.0,13153
149,2,11545.0,Q90 INTENS CHARGE RAPIDE,0540022124,11860.0,https://www.lacentrale.fr/auto-occasion-annonce-69103194526.html,Professionnel,2016.0,13153
150,6,28486.0,Q90 ZEN CHARGE RAPIDE,0558917445,9740.0,https://www.lacentrale.fr/auto-occasion-annonce-69103048910.html,Professionnel,2016.0,13153
151,10,42344.0,Q90 ZEN,0519652748,10480.0,https://www.lacentrale.fr/auto-occasion-annonce-69102976488.html,Professionnel,2016.0,13153
152,12,32549.0,Q90 INTENS,0483586158,10240.0,https://www.lacentrale.fr/auto-occasion-annonce-69102965668.html,Professionnel,2016.0,13153
153,3,23139.0,Q90 LIFE CHARGE RAPIDE,0519655472,10220.0,https://www.lacentrale.fr/auto-occasion-annonce-69102931796.html,Professionnel,2016.0,13153
154,6,12106.0,Q90 LIFE,0483587039,12280.0,https://www.lacentrale.fr/auto-occasion-annonce-69103146136.html,Professionnel,2016.0,13153
155,11,41444.0,Q90 LIFE CHARGE RAPIDE,0546277856,11530.0,https://www.lacentrale.fr/auto-occasion-annonce-69102773604.html,Professionnel,2016.0,13153
156,15,1150.0,R90 INTENS TYPE 2,0182883274,16660.0,https://www.lacentrale.fr/auto-occasion-annonce-69103245689.html,Professionnel,2016.0,13153
157,2,14452.0,Q90 LIFE CHARGE RAPIDE,0182887816,9500.0,https://www.lacentrale.fr/auto-occasion-annonce-69102970544.html,Professionnel,2016.0,13153
158,5,31346.0,INTENS,0176286244,10870.0,https://www.lacentrale.fr/auto-occasion-annonce-69103345288.html,Professionnel,2016.0,13153
159,7,31391.0,Q90 LIFE CHARGE RAPIDE,0558717349,11930.0,https://www.lacentrale.fr/auto-occasion-annonce-69102910824.html,Professionnel,2016.0,13153
160,10,16960.0,Q90 LIFE,0422851471,11950.0,https://www.lacentrale.fr/auto-occasion-annonce-69103070598.html,Professionnel,2016.0,13153
161,14,8269.0,Q90 ZEN,0411821969,11970.0,https://www.lacentrale.fr/auto-occasion-annonce-69102992624.html,Professionnel,2016.0,13153
162,1,41688.0,Q90 LIFE,0519659704,11250.0,https://www.lacentrale.fr/auto-occasion-annonce-69102997012.html,Professionnel,2016.0,13153
163,3,26681.0,Q90 LIFE CHARGE RAPIDE,0422850822,10890.0,https://www.lacentrale.fr/auto-occasion-annonce-69103299392.html,Professionnel,2016.0,13153
164,4,17695.0,LIFE CHARGE RAPIDE,0519652770,12740.0,https://www.lacentrale.fr/auto-occasion-annonce-69103299324.html,Professionnel,2016.0,13153
165,7,107.0,R90 LIFE TYPE 2,0134824206,12820.0,https://www.lacentrale.fr/auto-occasion-annonce-69103318509.html,Professionnel,2016.0,13153
166,8,19410.0,Q90 LIFE,0183765125,11780.0,https://www.lacentrale.fr/auto-occasion-annonce-69102906900.html,Professionnel,2016.0,13153
167,10,15650.0,Q90 LIFE CHARGE RAPIDE,0519659210,10400.0,https://www.lacentrale.fr/auto-occasion-annonce-69102852902.html,Professionnel,2016.0,13153
168,13,39009.0,Q90 LIFE,0422850287,10380.0,https://www.lacentrale.fr/auto-occasion-annonce-69102957656.html,Professionnel,2016.0,13153
169,0,22823.0,Q90 INTENS CHARGE RAPIDE,0519660761,11800.0,https://www.lacentrale.fr/auto-occasion-annonce-69103379656.html,Professionnel,2016.0,13153
170,4,112.0,R90 INTENS TYPE 2,0182883323,17500.0,https://www.lacentrale.fr/auto-occasion-annonce-69103245687.html,Professionnel,2016.0,13153
171,5,42685.0,Q90 LIFE,0559997906,10940.0,https://www.lacentrale.fr/auto-occasion-annonce-69102303796.html,Professionnel,2016.0,13153
172,8,35444.0,Q90 INTENS CHARGE RAPIDE,0182883230,10600.0,https://www.lacentrale.fr/auto-occasion-annonce-69103342754.html,Professionnel,2016.0,13153
173,10,28161.0,Q90 LIFE CHARGE RAPIDE,0519654629,10110.0,https://www.lacentrale.fr/auto-occasion-annonce-69103239576.html,Professionnel,2016.0,13153
174,14,56158.0,Q90 ZEN,0182889394,11400.0,https://www.lacentrale.fr/auto-occasion-annonce-69103283582.html,Professionnel,2016.0,13153
175,3,20407.0,Q90 LIFE,0519655711,10670.0,https://www.lacentrale.fr/auto-occasion-annonce-69103379670.html,Professionnel,2016.0,13153
176,5,32190.0,Q90 LIFE CHARGE RAPIDE,0519657285,9210.0,https://www.lacentrale.fr/auto-occasion-annonce-69102996602.html,Professionnel,2016.0,13153
177,6,25852.0,Q90 LIFE,0483589526,9340.0,https://www.lacentrale.fr/auto-occasion-annonce-69102832168.html,Professionnel,2016.0,13153
178,13,41156.0,Q90 LIFE,0411824242,9570.0,https://www.lacentrale.fr/auto-occasion-annonce-69103283820.html,Professionnel,2016.0,13153
179,15,30335.0,Q90 LIFE,0176388481,9520.0,https://www.lacentrale.fr/auto-occasion-annonce-69103113276.html,Professionnel,2016.0,13153
180,4,38877.0,Q90 INTENS,0176385051,10320.0,https://www.lacentrale.fr/auto-occasion-annonce-69103113280.html,Professionnel,2016.0,13153
181,6,20790.0,INTENS CHARGE RAPIDE,0483587129,10580.0,https://www.lacentrale.fr/auto-occasion-annonce-69103299356.html,Professionnel,2016.0,13153
182,8,34070.0,Q90 LIFE,0519656145,10960.0,https://www.lacentrale.fr/auto-occasion-annonce-69103024986.html,Professionnel,2016.0,13153
183,13,38794.0,Q90 LIFE,0176440565,9990.0,https://www.lacentrale.fr/auto-occasion-annonce-69103235634.html,Professionnel,2016.0,13153
184,0,110.0,LIFE R75,0483587883,23540.0,https://www.lacentrale.fr/auto-occasion-annonce-69103245369.html,Professionnel,2016.0,13153
185,5,17126.0,Q90 LIFE CHARGE RAPIDE,0519657159,10590.0,https://www.lacentrale.fr/auto-occasion-annonce-69103379652.html,Professionnel,2016.0,13153
186,6,114.0,R90 LIFE TYPE 2,0134827305,13780.0,https://www.lacentrale.fr/auto-occasion-annonce-69103347959.html,Professionnel,2016.0,13153
187,14,17850.0,Q90 ZEN CHARGE RAPIDE TYPE 2,0130267808,11880.0,https://www.lacentrale.fr/auto-occasion-annonce-87101157852.html,Professionnel,2016.0,13153
188,15,36420.0,Q90 LIFE,0176437440,9340.0,https://www.lacentrale.fr/auto-occasion-annonce-69103235632.html,Professionnel,2016.0,13153
189,2,8874.0,INTENS,0540026663,11970.0,https://www.lacentrale.fr/auto-occasion-annonce-69103308536.html,Professionnel,2016.0,13153
190,3,15857.0,Q90 INTENS CHARGE RAPIDE,0184355860,10560.0,https://www.lacentrale.fr/auto-occasion-annonce-69103358286.html,Professionnel,2016.0,13153
191,5,38132.0,Q90 INTENS CHARGE RAPIDE,0483590228,11860.0,https://www.lacentrale.fr/auto-occasion-annonce-69102671538.html,Professionnel,2016.0,13153
192,8,44983.0,Q90 LIFE,0184162265,9180.0,https://www.lacentrale.fr/auto-occasion-annonce-69103375802.html,Professionnel,2016.0,13153
193,11,10866.0,Q90 LIFE CHARGE RAPIDE,0184316908,11630.0,https://www.lacentrale.fr/auto-occasion-annonce-69102900550.html,Professionnel,2016.0,13153
194,4,7038.0,Q90 LIFE,0164759892,13510.0,https://www.lacentrale.fr/auto-occasion-annonce-69103297798.html,Professionnel,2016.0,13153
195,6,45685.0,Q90 LIFE,0490140657,12020.0,https://www.lacentrale.fr/auto-occasion-annonce-69103386148.html,Professionnel,2016.0,13153
196,12,16499.0,Q90 ZEN,0182888736,10470.0,https://www.lacentrale.fr/auto-occasion-annonce-69103274242.html,Professionnel,2016.0,13153
197,1,42039.0,INTENS CHARGE RAPIDE,0176282746,11180.0,https://www.lacentrale.fr/auto-occasion-annonce-69103392560.html,Professionnel,2016.0,13153
198,9,71488.0,Q90 INTENS,0490140087,9080.0,https://www.lacentrale.fr/auto-occasion-annonce-69103386150.html,Professionnel,2016.0,13153
199,14,45913.0,Q90 LIFE CHARGE RAPIDE,0176289249,10170.0,https://www.lacentrale.fr/auto-occasion-annonce-69103372048.html,Professionnel,2016.0,13153
200,7,16018.0,Q90 LIFE,0184157425,10480.0,https://www.lacentrale.fr/auto-occasion-annonce-69103145539.html,Professionnel,2014.0,10164
201,11,26420.0,Q90 LIFE CHARGE RAPIDE,0176371951,9420.0,https://www.lacentrale.fr/auto-occasion-annonce-69102879907.html,Professionnel,2014.0,10164
202,13,23223.0,Q90 INTENS CHARGE RAPIDE,0519654420,9790.0,https://www.lacentrale.fr/auto-occasion-annonce-69103007291.html,Professionnel,2014.0,10164
203,6,26386.0,Q90 ZEN,0184159351,10810.0,https://www.lacentrale.fr/auto-occasion-annonce-69103206293.html,Professionnel,2014.0,10164
204,10,17582.0,Q90 LIFE,0184155654,10300.0,https://www.lacentrale.fr/auto-occasion-annonce-69103145537.html,Professionnel,2014.0,10164
205,13,32772.0,Q90 INTENS,0184158341,11320.0,https://www.lacentrale.fr/auto-occasion-annonce-69102865445.html,Professionnel,2014.0,10164
206,2,16062.0,Q90 ZEN CHARGE RAPIDE,0176386948,11340.0,https://www.lacentrale.fr/auto-occasion-annonce-69103334405.html,Professionnel,2014.0,10164
207,9,36192.0,Q90 ZEN CHARGE RAPIDE,0139074585,10320.0,https://www.lacentrale.fr/auto-occasion-annonce-69103388112.html,Professionnel,2014.0,10164
208,13,23758.0,Q90 LIFE,0176384751,10810.0,https://www.lacentrale.fr/auto-occasion-annonce-69103388111.html,Professionnel,2014.0,10164
209,2,26098.0,Q90 LIFE CHARGE RAPIDE,0184359553,10120.0,https://www.lacentrale.fr/auto-occasion-annonce-69103140421.html,Professionnel,2014.0,10164
210,13,18865.0,INTENS,0175194140,10760.0,https://www.lacentrale.fr/auto-occasion-annonce-69102963674.html,Professionnel,2014.0,10164
211,14,6718.0,Q90 INTENS CHARGE RAPIDE,0182889098,10290.0,https://www.lacentrale.fr/auto-occasion-annonce-69102981898.html,Professionnel,2014.0,10164
212,7,49227.0,Q90 LIFE,0182887005,9990.0,https://www.lacentrale.fr/auto-occasion-annonce-69103075173.html,Professionnel,2014.0,10164
213,12,25724.0,Q90 LIFE CHARGE RAPIDE,0184313815,11730.0,https://www.lacentrale.fr/auto-occasion-annonce-69103080479.html,Professionnel,2014.0,10164
214,14,28000.0,INTENS,0182889366,10410.0,https://www.lacentrale.fr/auto-occasion-annonce-69103299614.html,Professionnel,2014.0,10164
215,5,13751.0,Q90 ZEN CHARGE RAPIDE,0175915248,11510.0,https://www.lacentrale.fr/auto-occasion-annonce-69103372423.html,Professionnel,2014.0,10164
216,8,14992.0,Q90 LIFE,0490147712,10420.0,https://www.lacentrale.fr/auto-occasion-annonce-69103371249.html,Professionnel,2014.0,10164
217,9,43093.0,Q90 ZEN CHARGE RAPIDE,0130808787,9000.0,https://www.lacentrale.fr/auto-occasion-annonce-69103330612.html,Professionnel,2014.0,10164
218,11,56395.0,Q90 ZEN,0176384512,8000.0,https://www.lacentrale.fr/auto-occasion-annonce-69103138265.html,Professionnel,2014.0,10164
219,3,43689.0,Q90 LIFE CHARGE RAPIDE,0519653313,9330.0,https://www.lacentrale.fr/auto-occasion-annonce-69103139109.html,Professionnel,2014.0,10164
220,6,52133.0,Q90 INTENS CHARGE RAPIDE,0519660378,9320.0,https://www.lacentrale.fr/auto-occasion-annonce-69103339361.html,Professionnel,2014.0,10164
221,7,50214.0,Q90 LIFE,0176387110,9660.0,https://www.lacentrale.fr/auto-occasion-annonce-69103138295.html,Professionnel,2014.0,10164
222,9,38288.0,Q90 ZEN,0182886963,10050.0,https://www.lacentrale.fr/auto-occasion-annonce-69103085681.html,Professionnel,2014.0,10164
223,15,68200.0,Q90 INTENS CHARGE RAPIDE TYPE 2,0143085173,9280.0,https://www.lacentrale.fr/auto-occasion-annonce-87101219723.html,Professionnel,2014.0,10164
224,2,30513.0,Q90 LIFE,0411858620,11800.0,https://www.lacentrale.fr/auto-occasion-annonce-69103345363.html,Professionnel,2014.0,10164
225,4,14656.0,Q90 LIFE CHARGE RAPIDE,0484377721,9700.0,https://www.lacentrale.fr/auto-occasion-annonce-69103193539.html,Professionnel,2014.0,10164
226,4,31055.0,Q90 INTENS,0182887373,10780.0,https://www.lacentrale.fr/auto-occasion-annonce-69103394803.html,Professionnel,2014.0,10164
227,10,15933.0,Q90 LIFE CHARGE RAPIDE,0176387894,11220.0,https://www.lacentrale.fr/auto-occasion-annonce-69103379853.html,Professionnel,2014.0,10164
228,2,48898.0,Q90 LIFE,0184159787,10940.0,https://www.lacentrale.fr/auto-occasion-annonce-69103346287.html,Professionnel,2014.0,10164
229,3,17638.0,Q90 LIFE,0176387624,11650.0,https://www.lacentrale.fr/auto-occasion-annonce-69103379873.html,Professionnel,2014.0,10164
230,5,45810.0,Q90 ZEN CHARGE RAPIDE,0176388505,8660.0,https://www.lacentrale.fr/auto-occasion-annonce-69103145509.html,Professionnel,2014.0,10164
231,6,39360.0,Q90 ZEN CHARGE RAPIDE,0519657532,9240.0,https://www.lacentrale.fr/auto-occasion-annonce-69103256095.html,Professionnel,2014.0,10164
232,7,42409.0,Q90 INTENS,0182883802,9540.0,https://www.lacentrale.fr/auto-occasion-annonce-69103283585.html,Professionnel,2014.0,10164
233,13,13854.0,Q90 LIFE,0176390443,9930.0,https://www.lacentrale.fr/auto-occasion-annonce-69103113277.html,Professionnel,2014.0,10164
234,15,25529.0,Q90 LIFE CHARGE RAPIDE,0176390887,9460.0,https://www.lacentrale.fr/auto-occasion-annonce-69103138269.html,Professionnel,2014.0,10164
235,4,25806.0,Q90 LIFE CHARGE RAPIDE,0531167449,10560.0,https://www.lacentrale.fr/auto-occasion-annonce-69103091459.html,Professionnel,2014.0,10164
236,11,60387.0,Q90 LIFE CHARGE RAPIDE,0176389482,9480.0,https://www.lacentrale.fr/auto-occasion-annonce-69103113268.html,Professionnel,2014.0,10164
237,12,12557.0,Q90 LIFE,0176385971,11500.0,https://www.lacentrale.fr/auto-occasion-annonce-69103113273.html,Professionnel,2014.0,10164
238,14,27703.0,Q90 ZEN,0176385055,10990.0,https://www.lacentrale.fr/auto-occasion-annonce-69103145521.html,Professionnel,2014.0,10164
239,7,23540.0,R90 INTENS TYPE 2,0148839881,10470.0,https://www.lacentrale.fr/auto-occasion-annonce-87101134551.html,Professionnel,2014.0,10164
240,8,47741.0,Q90 LIFE,0519654343,11090.0,https://www.lacentrale.fr/auto-occasion-annonce-69103348073.html,Professionnel,2014.0,10164
241,13,25473.0,Q90 LIFE,0519653209,11290.0,https://www.lacentrale.fr/auto-occasion-annonce-69103321839.html,Professionnel,2014.0,10164
242,15,34200.0,Q90 LIFE CHARGE RAPIDE,0531171965,8530.0,https://www.lacentrale.fr/auto-occasion-annonce-69103064626.html,Professionnel,2014.0,10164
243,4,16833.0,Q90 LIFE,0519653739,11890.0,https://www.lacentrale.fr/auto-occasion-annonce-69103334673.html,Professionnel,2014.0,10164
244,5,36750.0,Q90 LIFE CHARGE RAPIDE,0175913364,10750.0,https://www.lacentrale.fr/auto-occasion-annonce-69103297989.html,Professionnel,2014.0,10164
245,8,47909.0,LIFE,0176386361,10610.0,https://www.lacentrale.fr/auto-occasion-annonce-69103299057.html,Professionnel,2014.0,10164
246,10,48024.0,Q90 ZEN CHARGE RAPIDE,0579879758,9020.0,https://www.lacentrale.fr/auto-occasion-annonce-66100703532.html,Particulier,2014.0,10164
247,12,59280.0,Q90 ZEN CHARGE RAPIDE,0660136666,10320.0,https://www.lacentrale.fr/auto-occasion-annonce-66100670170.html,Particulier,2014.0,10164
248,13,23100.0,R90 INTENS TYPE 2,0175856453,10390.0,https://www.lacentrale.fr/auto-occasion-annonce-66100698337.html,Particulier,2014.0,10164
249,1,17968.0,Q90 LIFE,0612200857,10060.0,https://www.lacentrale.fr/auto-occasion-annonce-69103297325.html,Professionnel,2014.0,10164
250,2,35032.0,Q90 INTENS,0483586797,9960.0,https://www.lacentrale.fr/auto-occasion-annonce-69103130011.html,Professionnel,2014.0,10164
251,4,17318.0,Q90 LIFE,0519659214,10760.0,https://www.lacentrale.fr/auto-occasion-annonce-69103379671.html,Professionnel,2014.0,10164
252,5,15160.0,Q90 LIFE CHARGE RAPIDE,0483584781,10620.0,https://www.lacentrale.fr/auto-occasion-annonce-69103016723.html,Professionnel,2014.0,10164
253,8,17734.0,Q90 LIFE CHARGE RAPIDE,0519652645,11910.0,https://www.lacentrale.fr/auto-occasion-annonce-69102852925.html,Professionnel,2014.0,10164
254,9,41502.0,Q90 LIFE,0519653387,10420.0,https://www.lacentrale.fr/auto-occasion-annonce-69103264317.html,Professionnel,2014.0,10164
255,10,26134.0,Q90 INTENS,0182884212,10500.0,https://www.lacentrale.fr/auto-occasion-annonce-69103283613.html,Professionnel,2014.0,10164
256,13,42668.0,Q90 LIFE CHARGE RAPIDE,0519654472,10440.0,https://www.lacentrale.fr/auto-occasion-annonce-69103379653.html,Professionnel,2014.0,10164
257,14,41967.0,ZEN,0182886178,11370.0,https://www.lacentrale.fr/auto-occasion-annonce-69103315209.html,Professionnel,2014.0,10164
258,0,45064.0,LIFE CHARGE RAPIDE,0483585249,10590.0,https://www.lacentrale.fr/auto-occasion-annonce-69103348299.html,Professionnel,2014.0,10164
259,1,63395.0,ZEN,0559997967,8920.0,https://www.lacentrale.fr/auto-occasion-annonce-69103391280.html,Professionnel,2014.0,10164
260,6,44272.0,Q90 LIFE,0483583129,10510.0,https://www.lacentrale.fr/auto-occasion-annonce-69102903769.html,Professionnel,2014.0,10164
261,15,44960.0,Q90 INTENS,0182887608,10410.0,https://www.lacentrale.fr/auto-occasion-annonce-69103200431.html,Professionnel,2014.0,10164
262,2,36457.0,Q90 LIFE,0519656628,11760.0,https://www.lacentrale.fr/auto-occasion-annonce-69103077089.html,Professionnel,2014.0,10164
263,6,16328.0,Q90 INTENS,0483586303,11440.0,https://www.lacentrale.fr/auto-occasion-annonce-69102781037.html,Professionnel,2014.0,10164
264,7,34890.0,Q90 ZEN,0483586489,11860.0,https://www.lacentrale.fr/auto-occasion-annonce-69103348305.html,Professionnel,2014.0,10164
265,8,64014.0,Q90 ZEN,0182889069,9770.0,https://www.lacentrale.fr/auto-occasion-annonce-69102970547.html,Professionnel,2014.0,10164
266,10,19273.0,Q90 LIFE,0519656019,12170.0,https://www.lacentrale.fr/auto-occasion-annonce-69103035045.html,Professionnel,2014.0,10164
267,15,25078.0,Q90 LIFE,0558916145,11670.0,https://www.lacentrale.fr/auto-occasion-annonce-69102910537.html,Professionnel,2014.0,10164
268,3,40903.0,Q90 LIFE,0519652441,10200.0,https://www.lacentrale.fr/auto-occasion-annonce-69102931797.html,Professionnel,2014.0,10164
269,5,29603.0,Q90 LIFE CHARGE RAPIDE,0483582981,9970.0,https://www.lacentrale.fr/auto-occasion-annonce-69102965671.html,Professionnel,2014.0,10164
270,9,45672.0,Q90 ZEN CHARGE RAPIDE,0411860840,9430.0,https://www.lacentrale.fr/auto-occasion-annonce-69103297633.html,Professionnel,2014.0,10164
271,11,43487.0,Q90 LIFE,0422846279,10470.0,https://www.lacentrale.fr/auto-occasion-annonce-69103070595.html,Professionnel,2014.0,10164
272,13,39997.0,Q90 LIFE CHARGE RAPIDE,0519652148,9690.0,https://www.lacentrale.fr/auto-occasion-annonce-69102931795.html,Professionnel,2014.0,10164
273,0,17293.0,Q90 LIFE CHARGE RAPIDE,0519655250,11580.0,https://www.lacentrale.fr/auto-occasion-annonce-69103220553.html,Professionnel,2014.0,10164
274,2,44435.0,Q90 LIFE CHARGE RAPIDE,0519655309,10860.0,https://www.lacentrale.fr/auto-occasion-annonce-69103156701.html,Professionnel,2014.0,10164
275,4,27894.0,Q90 LIFE,0422853181,11340.0,https://www.lacentrale.fr/auto-occasion-annonce-69103362435.html,Professionnel,2014.0,10164
276,8,30418.0,Q90 ZEN CHARGE RAPIDE,0422847004,10500.0,https://www.lacentrale.fr/auto-occasion-annonce-69103160385.html,Professionnel,2014.0,10164
277,9,4895.0,Q90 ZEN,0483582590,12790.0,https://www.lacentrale.fr/auto-occasion-annonce-69101991093.html,Professionnel,2014.0,10164
278,12,29808.0,Q90 LIFE,0176436033,9700.0,https://www.lacentrale.fr/auto-occasion-annonce-69103235645.html,Professionnel,2014.0,10164
279,9,16688.0,ZEN,0555316143,12300.0,https://www.lacentrale.fr/auto-occasion-annonce-87100817393.html,Professionnel,2014.0,10164
280,15,37712.0,LIFE 5P,0184153773,10430.0,https://www.lacentrale.fr/auto-occasion-annonce-69103381407.html,Professionnel,2014.0,10164
281,6,47718.0,LIFE CHARGE RAPIDE,0483592254,9840.0,https://www.lacentrale.fr/auto-occasion-annonce-69103334667.html,Professionnel,2014.0,10164
282,12,48488.0,ZEN,0519654834,11190.0,https://www.lacentrale.fr/auto-occasion-annonce-69103338491.html,Professionnel,2014.0,10164
283,14,30402.0,Q90 LIFE,0411823708,10500.0,https://www.lacentrale.fr/auto-occasion-annonce-69103085819.html,Professionnel,2014.0,10164
284,2,31433.0,Q90 INTENS,0411349420,12300.0,https://www.lacentrale.fr/auto-occasion-annonce-69103248101.html,Professionnel,2014.0,10164
285,7,25205.0,INTENS CHARGE RAPIDE,0549520495,12960.0,https://www.lacentrale.fr/auto-occasion-annonce-69103281287.html,Professionnel,2014.0,10164
286,13,28223.0,Q90 LIFE,0519657866,10600.0,https://www.lacentrale.fr/auto-occasion-annonce-69103025003.html,Professionnel,2014.0,10164
287,2,33719.0,Q90 LIFE,0519659091,10910.0,https://www.lacentrale.fr/auto-occasion-annonce-69103307471.html,Professionnel,2014.0,10164
288,8,41560.0,Q90 LIFE,0519653926,11450.0,https://www.lacentrale.fr/auto-occasion-annonce-69103235679.html,Professionnel,2014.0,10164
289,11,10388.0,Q90 LIFE CHARGE RAPIDE TYPE 2,0549384439,11640.0,https://www.lacentrale.fr/auto-occasion-annonce-87100963337.html,Professionnel,2014.0,10164
290,14,18183.0,Q90 LIFE CHARGE RAPIDE,0519657020,10270.0,https://www.lacentrale.fr/auto-occasion-annonce-69102783485.html,Professionnel,2014.0,10164
291,0,8.0,Q90 INTENS,0176432510,17530.0,https://www.lacentrale.fr/auto-occasion-annonce-69102702211.html,Professionnel,2014.0,10164
292,2,32940.0,LIFE,0411829908,9220.0,https://www.lacentrale.fr/auto-occasion-annonce-69103299419.html,Professionnel,2014.0,10164
293,7,3650.0,INTENS,0519652969,12850.0,https://www.lacentrale.fr/auto-occasion-annonce-69103388995.html,Professionnel,2014.0,10164
294,9,3812.0,Q90 ZEN,0483588337,11320.0,https://www.lacentrale.fr/auto-occasion-annonce-69103389427.html,Professionnel,2014.0,10164
295,10,40186.0,INTENS CHARGE RAPIDE,0532142997,10990.0,https://www.lacentrale.fr/auto-occasion-annonce-69103242303.html,Professionnel,2014.0,10164
296,11,18017.0,Q90 LIFE,0519656197,10580.0,https://www.lacentrale.fr/auto-occasion-annonce-69103379669.html,Professionnel,2014.0,10164
297,12,43566.0,Q90 ZEN,0519659487,12280.0,https://www.lacentrale.fr/auto-occasion-annonce-69103040023.html,Professionnel,2014.0,10164
298,15,15969.0,Q90 LIFE,0483591938,10990.0,https://www.lacentrale.fr/auto-occasion-annonce-69102676381.html,Professionnel,2014.0,10164
299,1,25069.0,Q90 ZEN,0411854922,11680.0,https://www.lacentrale.fr/auto-occasion-annonce-69103312913.html,Professionnel,2014.0,10164
300,3,39997.0,Q90 INTENS,0176434078,11620.0,https://www.lacentrale.fr/auto-occasion-annonce-69103170141.html,Professionnel,2014.0,10164
301,10,35231.0,Q90 LIFE CHARGE RAPIDE,0519660590,9710.0,https://www.lacentrale.fr/auto-occasion-annonce-69102787469.html,Professionnel,2014.0,10164
302,11,40660.0,Q90 ZEN CHARGE RAPIDE,0182887267,9080.0,https://www.lacentrale.fr/auto-occasion-annonce-69102970539.html,Professionnel,2014.0,10164
303,6,18742.0,Q90 INTENS,0176287988,11880.0,https://www.lacentrale.fr/auto-occasion-annonce-69103247563.html,Professionnel,2014.0,10164
304,7,10368.0,Q90 ZEN CHARGE RAPIDE,0164581628,7400.0,https://www.lacentrale.fr/auto-occasion-annonce-69103381529.html,Professionnel,2014.0,10164
305,14,63608.0,Q90 ZEN CHARGE RAPIDE,0176437441,9340.0,https://www.lacentrale.fr/auto-occasion-annonce-69103257136.html,Professionnel,2014.0,10164
306,3,74542.0,Q90 LIFE,0411854790,10110.0,https://www.lacentrale.fr/auto-occasion-annonce-69103339335.html,Professionnel,2014.0,10164
307,15,63759.0,Q90 LIFE,0411861122,9030.0,https://www.lacentrale.fr/auto-occasion-annonce-69103282517.html,Professionnel,2014.0,10164
308,7,30033.0,INTENS CHARGE RAPIDE,0176285682,11280.0,https://www.lacentrale.fr/auto-occasion-annonce-69103392561.html,Professionnel,2014.0,10164
309,11,67592.0,Q90 LIFE,0411853250,10520.0,https://www.lacentrale.fr/auto-occasion-annonce-69103339337.html,Professionnel,2014.0,10164
310,9,32416.0,Q90 ZEN CHARGE RAPIDE,0411825496,11320.0,https://www.lacentrale.fr/auto-occasion-annonce-69103257725.html,Professionnel,2012.0,8356
311,7,23027.0,Q90 LIFE CHARGE RAPIDE,0532325803,10140.0,https://www.lacentrale.fr/auto-occasion-annonce-69102312673.html,Professionnel,2012.0,8356
312,15,8066.0,Q90 LIFE CHARGE RAPIDE,0557254621,9790.0,https://www.lacentrale.fr/auto-occasion-annonce-69103325861.html,Professionnel,2012.0,8356
313,6,79971.0,Q90 LIFE CHARGE RAPIDE,0182887407,7330.0,https://www.lacentrale.fr/auto-occasion-annonce-69102970537.html,Professionnel,2012.0,8356
314,4,69113.0,Q90 ZEN CHARGE RAPIDE,0183765855,9300.0,https://www.lacentrale.fr/auto-occasion-annonce-69103313945.html,Professionnel,2012.0,8356
315,1,42340.0,Q90 ZEN CHARGE RAPIDE,0411806850,9150.0,https://www.lacentrale.fr/auto-occasion-annonce-69102751539.html,Professionnel,2012.0,8356
316,14,19765.0,INTENS,0182887918,10650.0,https://www.lacentrale.fr/auto-occasion-annonce-69103299613.html,Professionnel,2013.0,9048
317,15,38065.0,ZEN CHARGE RAPIDE,0164579195,7650.0,https://www.lacentrale.fr/auto-occasion-annonce-69103378129.html,Professionnel,2013.0,9048
318,1,52382.0,ZEN CHARGE RAPIDE,0164577096,7680.0,https://www.lacentrale.fr/auto-occasion-annonce-69103369311.html,Professionnel,2013.0,9048
319,2,41396.0,ZEN CHARGE RAPIDE,0164576357,7680.0,https://www.lacentrale.fr/auto-occasion-annonce-69103378131.html,Professionnel,2013.0,9048
320,14,56265.0,ZEN CHARGE RAPIDE,0164579403,8450.0,https://www.lacentrale.fr/auto-occasion-annonce-69103377197.html,Professionnel,2013.0,9048
321,15,48454.0,Q90 LIFE,0176368407,8300.0,https://www.lacentrale.fr/auto-occasion-annonce-69102183985.html,Professionnel,2013.0,9048
322,1,10362.0,Q90 LIFE CHARGE RAPIDE,0176366406,10370.0,https://www.lacentrale.fr/auto-occasion-annonce-69103318453.html,Professionnel,2013.0,9048
323,3,42342.0,Q90 INTENS CHARGE RAPIDE,0176316389,9930.0,https://www.lacentrale.fr/auto-occasion-annonce-69103063831.html,Professionnel,2013.0,9048
324,4,25599.0,Q90 LIFE CHARGE RAPIDE,0176316542,9020.0,https://www.lacentrale.fr/auto-occasion-annonce-69103063827.html,Professionnel,2013.0,9048
325,8,45256.0,ZEN CHARGE RAPIDE,0164581895,7960.0,https://www.lacentrale.fr/auto-occasion-annonce-69103378135.html,Professionnel,2013.0,9048
326,10,32263.0,LIFE,0160936473,11010.0,https://www.lacentrale.fr/auto-occasion-annonce-69103297817.html,Professionnel,2013.0,9048
327,14,28455.0,ZEN CHARGE RAPIDE,0164581497,8050.0,https://www.lacentrale.fr/auto-occasion-annonce-69103378133.html,Professionnel,2013.0,9048
328,15,36951.0,ZEN CHARGE RAPIDE,0164580993,8550.0,https://www.lacentrale.fr/auto-occasion-annonce-69103377195.html,Professionnel,2013.0,9048
329,4,24737.0,INTENS CHARGE RAPIDE,0143248013,10270.0,https://www.lacentrale.fr/auto-occasion-annonce-69103255257.html,Professionnel,2013.0,9048
330,6,38280.0,Q90 ZEN CHARGE RAPIDE,0411342440,11020.0,https://www.lacentrale.fr/auto-occasion-annonce-69103394055.html,Professionnel,2013.0,9048
331,0,22907.0,Q90 LIFE CHARGE RAPIDE,0184357224,10390.0,https://www.lacentrale.fr/auto-occasion-annonce-69102402463.html,Professionnel,2013.0,9048
332,8,53212.0,Q90 LIFE CHARGE RAPIDE,0184355800,7950.0,https://www.lacentrale.fr/auto-occasion-annonce-69102912439.html,Professionnel,2013.0,9048
333,13,22501.0,Q90 ZEN CHARGE RAPIDE,0164577569,6820.0,https://www.lacentrale.fr/auto-occasion-annonce-69103381579.html,Professionnel,2013.0,9048
334,5,41070.0,Q90 LIFE CHARGE RAPIDE,0531169465,11230.0,https://www.lacentrale.fr/auto-occasion-annonce-69103105041.html,Professionnel,2013.0,9048
335,8,42761.0,Q90 LIFE CHARGE RAPIDE,0183767681,9160.0,https://www.lacentrale.fr/auto-occasion-annonce-69102566739.html,Professionnel,2013.0,9048
336,14,41658.0,Q90 ZEN CHARGE RAPIDE,0482799705,9500.0,https://www.lacentrale.fr/auto-occasion-annonce-69102951661.html,Professionnel,2013.0,9048
337,15,31977.0,Q90 LIFE CHARGE RAPIDE,0485218634,9740.0,https://www.lacentrale.fr/auto-occasion-annonce-87101089101.html,Professionnel,2013.0,9048
338,11,59049.0,Q90 LIFE CHARGE RAPIDE,0519653169,10080.0,https://www.lacentrale.fr/auto-occasion-annonce-69103358341.html,Professionnel,2013.0,9048
339,13,29601.0,ZEN,0411821883,10510.0,https://www.lacentrale.fr/auto-occasion-annonce-69103300081.html,Professionnel,2013.0,9048
340,4,62639.0,Q90 LIFE CHARGE RAPIDE,0484371873,9730.0,https://www.lacentrale.fr/auto-occasion-annonce-69103096527.html,Professionnel,2013.0,9048
341,8,14834.0,Q90 INTENS CHARGE RAPIDE,0485211493,10880.0,https://www.lacentrale.fr/auto-occasion-annonce-87101227247.html,Professionnel,2013.0,9048
342,15,41989.0,Q90 ZEN CHARGE RAPIDE,0184160375,10680.0,https://www.lacentrale.fr/auto-occasion-annonce-69103287609.html,Professionnel,2013.0,9048
343,9,44583.0,LIFE CHARGE RAPIDE,0411822111,9990.0,https://www.lacentrale.fr/auto-occasion-annonce-69103300083.html,Professionnel,2013.0,9048
344,0,50849.0,Q90 INTENS CHARGE RAPIDE TYPE 2,0143088343,8680.0,https://www.lacentrale.fr/auto-occasion-annonce-87101225025.html,Professionnel,2013.0,9048
345,14,69402.0,Q90 ZEN CHARGE RAPIDE,0411855934,10180.0,https://www.lacentrale.fr/auto-occasion-annonce-69102905977.html,Professionnel,2013.0,9048
346,2,15658.0,Q90 ZEN CHARGE RAPIDE,0182887115,10600.0,https://www.lacentrale.fr/auto-occasion-annonce-69102666155.html,Professionnel,2013.0,9048
347,7,51003.0,INTENS,0483584796,10870.0,https://www.lacentrale.fr/auto-occasion-annonce-69103389419.html,Professionnel,2013.0,9048
348,1,56457.0,Q90 ZEN CHARGE RAPIDE,0483586821,10440.0,https://www.lacentrale.fr/auto-occasion-annonce-69103130029.html,Professionnel,2013.0,9048
349,12,16720.0,Q90 LIFE,0182890169,9430.0,https://www.lacentrale.fr/auto-occasion-annonce-69103379765.html,Professionnel,2013.0,9048
350,1,33275.0,Q90 INTENS CHARGE RAPIDE,0176434790,8780.0,https://www.lacentrale.fr/auto-occasion-annonce-69103176699.html,Professionnel,2013.0,9048
351,4,43675.0,Q90 INTENS CHARGE RAPIDE,0411861179,11510.0,https://www.lacentrale.fr/auto-occasion-annonce-69103297631.html,Professionnel,2013.0,9048
352,7,19821.0,Q90 ZEN CHARGE RAPIDE,0545953480,10240.0,https://www.lacentrale.fr/auto-occasion-annonce-69103078045.html,Professionnel,2013.0,9048
353,14,111980.0,Q90 ZEN CHARGE RAPIDE,0483586423,8030.0,https://www.lacentrale.fr/auto-occasion-annonce-69103389455.html,Professionnel,2013.0,9048
354,10,40262.0,LIFE CHARGE RAPIDE,0545703450,9070.0,https://www.lacentrale.fr/auto-occasion-annonce-69103290727.html,Professionnel,2013.0,9048
355,4,37217.0,Q90 LIFE CHARGE RAPIDE,0183765847,10110.0,https://www.lacentrale.fr/auto-occasion-annonce-69102623841.html,Professionnel,2013.0,9048
356,11,33583.0,Q90 LIFE,0183765814,10730.0,https://www.lacentrale.fr/auto-occasion-annonce-69102906899.html,Professionnel,2013.0,9048
357,5,42700.0,Q90 LIFE CHARGE RAPIDE,0164605408,10680.0,https://www.lacentrale.fr/auto-occasion-annonce-69102894301.html,Professionnel,2013.0,9048
358,3,35194.0,Q90 ZEN,0164247793,11020.0,https://www.lacentrale.fr/auto-occasion-annonce-69102395631.html,Professionnel,2013.0,9048
359,9,22744.0,Q90 ZEN,0483591616,10690.0,https://www.lacentrale.fr/auto-occasion-annonce-69102887261.html,Professionnel,2013.0,9048
360,15,39432.0,Q90 INTENS CHARGE RAPIDE,0184357435,10040.0,https://www.lacentrale.fr/auto-occasion-annonce-69103243895.html,Professionnel,2013.0,9048
361,1,62980.0,Q90 LIFE CHARGE RAPIDE,0176287060,8840.0,https://www.lacentrale.fr/auto-occasion-annonce-69102680975.html,Professionnel,2013.0,9048
362,7,50314.0,Q90 LIFE,0184355943,8930.0,https://www.lacentrale.fr/auto-occasion-annonce-69102779021.html,Professionnel,2013.0,9048
363,9,20690.0,Q90 ZEN CHARGE RAPIDE,0532150543,10690.0,https://www.lacentrale.fr/auto-occasion-annonce-69103077987.html,Professionnel,2013.0,9048
364,1,11622.0,LIFE,0557261937,10770.0,https://www.lacentrale.fr/auto-occasion-annonce-87100916683.html,Professionnel,2013.0,9048
365,7,52159.0,Q90 LIFE CHARGE RAPIDE,0176288276,11520.0,https://www.lacentrale.fr/auto-occasion-annonce-69102130951.html,Professionnel,2013.0,9048
366,8,41772.0,Q90 INTENS CHARGE RAPIDE,0411822239,11370.0,https://www.lacentrale.fr/auto-occasion-annonce-69103129905.html,Professionnel,2013.0,9048
367,12,38537.0,INTENS CHARGE RAPIDE 5P,0176283333,10890.0,https://www.lacentrale.fr/auto-occasion-annonce-69103345287.html,Professionnel,2013.0,9048
368,13,58260.0,Q90 LIFE CHARGE RAPIDE,0411853130,9330.0,https://www.lacentrale.fr/auto-occasion-annonce-69102974259.html,Professionnel,2013.0,9048
369,15,39634.0,Q90 ZEN CHARGE RAPIDE,0490147057,9610.0,https://www.lacentrale.fr/auto-occasion-annonce-69103386151.html,Professionnel,2013.0,9048
370,7,15577.0,ZEN CHARGE RAPIDE,0549522273,12480.0,https://www.lacentrale.fr/auto-occasion-annonce-69103061235.html,Professionnel,2013.0,9048
371,3,8763.0,Q90 INTENS CHARGE RAPIDE,0411353548,9960.0,https://www.lacentrale.fr/auto-occasion-annonce-69103375081.html,Professionnel,2013.0,9048
372,12,49729.0,LIFE,0428028717,10980.0,https://www.lacentrale.fr/auto-occasion-annonce-69103386279.html,Professionnel,2013.0,9048
373,15,49729.0,INT MA 7,0532151134,11070.0,https://www.lacentrale.fr/auto-occasion-annonce-69103033439.html,Professionnel,2013.0,9048
374,0,14699.0,Q90 LIFE CHARGE RAPIDE,0175913584,9610.0,https://www.lacentrale.fr/auto-occasion-annonce-69103372417.html,Professionnel,2013.0,9048
375,4,73873.0,Q90 INTENS CHARGE RAPIDE,0184358226,10620.0,https://www.lacentrale.fr/auto-occasion-annonce-69103368045.html,Professionnel,2013.0,9048
376,7,61315.0,Q90 INTENS CHARGE RAPIDE,0675445152,9820.0,https://www.lacentrale.fr/auto-occasion-annonce-87101208109.html,Professionnel,2013.0,9048
377,13,14931.0,LIFE,0532149354,11460.0,https://www.lacentrale.fr/auto-occasion-annonce-69103325617.html,Professionnel,2013.0,9048
378,15,49079.0,Q90 INTENS CHARGE RAPIDE,0490148028,9430.0,https://www.lacentrale.fr/auto-occasion-annonce-69103386149.html,Professionnel,2013.0,9048
379,0,24201.0,Q90 LIFE,0175189184,10100.0,https://www.lacentrale.fr/auto-occasion-annonce-69102779778.html,Professionnel,2017.0,14513
380,7,1.0,R110 INTENS,0175194421,21430.0,https://www.lacentrale.fr/auto-occasion-annonce-69103372215.html,Professionnel,2017.0,14513
381,10,1.0,R110 INTENS,0175192348,22160.0,https://www.lacentrale.fr/auto-occasion-annonce-69103372217.html,Professionnel,2017.0,14513
382,12,1.0,R110 INTENS,0175190898,21400.0,https://www.lacentrale.fr/auto-occasion-annonce-69103152049.html,Professionnel,2017.0,14513
383,15,28431.0,Q90 INTENS CHARGE RAPIDE TYPE 2,0556134925,12850.0,https://www.lacentrale.fr/auto-occasion-annonce-69103104298.html,Professionnel,2017.0,14513
384,1,1.0,R110 INTENS,0175192624,20540.0,https://www.lacentrale.fr/auto-occasion-annonce-69103313787.html,Professionnel,2017.0,14513
385,3,1.0,R110 INTENS,0175189922,19580.0,https://www.lacentrale.fr/auto-occasion-annonce-69103313783.html,Professionnel,2017.0,14513
386,5,1.0,R110 INTENS,0175193503,22300.0,https://www.lacentrale.fr/auto-occasion-annonce-69103152057.html,Professionnel,2017.0,14513
387,11,27674.0,Q90 INTENS,0182887270,11760.0,https://www.lacentrale.fr/auto-occasion-annonce-69103283926.html,Professionnel,2017.0,14513
388,1,1.0,R110 INTENS,0175190591,20850.0,https://www.lacentrale.fr/auto-occasion-annonce-69103152051.html,Professionnel,2017.0,14513
389,4,19332.0,Q90 INTENS,0164296331,12630.0,https://www.lacentrale.fr/auto-occasion-annonce-87101121994.html,Professionnel,2017.0,14513
390,14,25270.0,Q90 LIFE CHARGE RAPIDE TYPE 2,0531164510,11640.0,https://www.lacentrale.fr/auto-occasion-annonce-69103085482.html,Professionnel,2017.0,14513
391,5,10390.0,Q90 ZEN CHARGE RAPIDE TYPE 2,0183768737,10580.0,https://www.lacentrale.fr/auto-occasion-annonce-69102985660.html,Professionnel,2017.0,14513
392,11,16727.0,Q90 LIFE,0519660701,10860.0,https://www.lacentrale.fr/auto-occasion-annonce-69102672494.html,Professionnel,2017.0,14513
393,12,21095.0,Q90 LIFE,0532082421,10420.0,https://www.lacentrale.fr/auto-occasion-annonce-69103348716.html,Professionnel,2017.0,14513
394,9,7948.0,Q90 INTENS,0176383741,13330.0,https://www.lacentrale.fr/auto-occasion-annonce-69103145522.html,Professionnel,2017.0,14513
395,4,32421.0,Q90 INTENS CHARGE RAPIDE TYPE 2,0484379809,13320.0,https://www.lacentrale.fr/auto-occasion-annonce-69103157744.html,Professionnel,2017.0,14513
396,14,3840.0,R90 ZEN,0557523971,20740.0,https://www.lacentrale.fr/auto-occasion-annonce-87101215729.html,Professionnel,2017.0,14513
397,11,17600.0,Q90 LIFE CHARGE RAPIDE,0175862446,12100.0,https://www.lacentrale.fr/auto-occasion-annonce-66100691118.html,Particulier,2017.0,14513
398,11,12522.0,R90 ZEN GAMME 2017,0184353671,13260.0,https://www.lacentrale.fr/auto-occasion-annonce-69103010582.html,Professionnel,2017.0,14513
399,4,35036.0,LIFE,0549524649,10540.0,https://www.lacentrale.fr/auto-occasion-annonce-69103304526.html,Professionnel,2017.0,14513
400,15,21940.0,LIFE,0545697902,12640.0,https://www.lacentrale.fr/auto-occasion-annonce-69103089878.html,Professionnel,2017.0,14513
401,1,180.0,R75 LIFE,0182884971,18700.0,https://www.lacentrale.fr/auto-occasion-annonce-69103246303.html,Professionnel,2017.0,14513
402,13,12817.0,Q90 INTENS,0176292787,12200.0,https://www.lacentrale.fr/auto-occasion-annonce-69103364336.html,Professionnel,2017.0,14513
403,1,4575.0,Q90 LIFE,0558471049,12380.0,https://www.lacentrale.fr/auto-occasion-annonce-69102407168.html,Professionnel,2017.0,14513
404,3,15412.0,Q90 ZEN,0182886965,12190.0,https://www.lacentrale.fr/auto-occasion-annonce-69103085682.html,Professionnel,2017.0,14513
405,13,19614.0,Q90 ZEN,0184356850,11230.0,https://www.lacentrale.fr/auto-occasion-annonce-69102974506.html,Professionnel,2017.0,14513
406,12,28076.0,Q90 INTENS,0483585671,12700.0,https://www.lacentrale.fr/auto-occasion-annonce-69103025132.html,Professionnel,2017.0,14513
407,4,112.0,R90 INTENS,0134825748,20140.0,https://www.lacentrale.fr/auto-occasion-annonce-69103246925.html,Professionnel,2017.0,14513
408,9,109.0,R75 LIFE,0519655698,16350.0,https://www.lacentrale.fr/auto-occasion-annonce-69103246649.html,Professionnel,2017.0,14513
409,12,5800.0,R90 EDITION ONE,0176372266,23660.0,https://www.lacentrale.fr/auto-occasion-annonce-69103318497.html,Professionnel,2017.0,14513
410,0,112.0,ZEN R90,0519652169,26080.0,https://www.lacentrale.fr/auto-occasion-annonce-69103246569.html,Professionnel,2017.0,14513
411,5,5250.0,R90 ZEN,0176439660,20980.0,https://www.lacentrale.fr/auto-occasion-annonce-69103249249.html,Professionnel,2017.0,14513
412,9,5600.0,R90 ZEN,0176436647,22380.0,https://www.lacentrale.fr/auto-occasion-annonce-69103249235.html,Professionnel,2017.0,14513
413,10,181.0,R90 INTENS,0182890675,21520.0,https://www.lacentrale.fr/auto-occasion-annonce-69103318439.html,Professionnel,2017.0,14513
414,11,36300.0,LIFE,0428028699,11490.0,https://www.lacentrale.fr/auto-occasion-annonce-69103386038.html,Professionnel,2017.0,14513
415,8,115.0,ZEN R90,0519653782,25870.0,https://www.lacentrale.fr/auto-occasion-annonce-69103246593.html,Professionnel,2017.0,14513
416,9,550.0,R90 ZEN,0176438492,22310.0,https://www.lacentrale.fr/auto-occasion-annonce-69103249233.html,Professionnel,2017.0,14513
417,11,2320.0,Q90 INTENS CHARGE RAPIDE GAMME 2017,0184160590,20760.0,https://www.lacentrale.fr/auto-occasion-annonce-87101156463.html,Professionnel,2017.0,14513
418,3,1190.0,R90 INTENS,0182890967,22610.0,https://www.lacentrale.fr/auto-occasion-annonce-69103245819.html,Professionnel,2017.0,14513
419,8,2775.0,R75 LIFE GAMME 2017,0519653469,23190.0,https://www.lacentrale.fr/auto-occasion-annonce-69103245433.html,Professionnel,2017.0,14513
420,2,7440.0,R90 ZEN,0184647284,20210.0,https://www.lacentrale.fr/auto-occasion-annonce-87101197799.html,Professionnel,2017.0,14513
421,3,9632.0,R75 LIFE,0176389198,16080.0,https://www.lacentrale.fr/auto-occasion-annonce-69103359320.html,Professionnel,2018.0,17965
422,11,7521.0,R90 ZEN,0557520892,18420.0,https://www.lacentrale.fr/auto-occasion-annonce-87101216810.html,Professionnel,2018.0,17965
423,3,3920.0,R90 INTENS GAMME 2017,0182883440,21280.0,https://www.lacentrale.fr/auto-occasion-annonce-69103249130.html,Professionnel,2018.0,17965
424,6,530.0,R90 LIFE TYPE 2,0134832617,12700.0,https://www.lacentrale.fr/auto-occasion-annonce-69103318508.html,Professionnel,2018.0,17965
425,4,8480.0,R90 INTENS,0182888600,15460.0,https://www.lacentrale.fr/auto-occasion-annonce-69103246268.html,Professionnel,2018.0,17965
426,8,38701.0,R90 ZEN,0411859091,14540.0,https://www.lacentrale.fr/auto-occasion-annonce-69103372148.html,Professionnel,2018.0,17965
427,6,4130.0,R90 INTENS TYPE 2,0182883096,20650.0,https://www.lacentrale.fr/auto-occasion-annonce-69103249136.html,Professionnel,2018.0,17965
428,10,21004.0,R90 ZEN GAMME 2017,0176291958,17800.0,https://www.lacentrale.fr/auto-occasion-annonce-69103372064.html,Professionnel,2018.0,17965
429,6,2280.0,R90 INTENS TYPE 2,0134825567,15260.0,https://www.lacentrale.fr/auto-occasion-annonce-69103347958.html,Professionnel,2018.0,17965
